{"cameraMode":{"drawMode":0,"name":"Shaded","section":"Shading Mode"},"sceneLighting":false,"audioPlay":false,"sceneViewState":{"showFog":true,"showMaterialUpdate":false,"showSkybox":false,"showFlares":true,"showImageEffects":true,"showParticleSystems":true},"in2DMode":false,"pivot":{"x":-10.154999732971192,"y":0.08986616879701615,"z":0.4449999928474426},"rotation":{"x":0.42197728157043459,"y":0.3745962083339691,"z":-0.19716833531856538,"w":0.8017157316207886},"size":33.54500198364258,"orthographic":false}