{"cameraMode":{"drawMode":0,"name":"Shaded","section":"Shading Mode"},"sceneLighting":false,"audioPlay":false,"sceneViewState":{"showFog":true,"showMaterialUpdate":false,"showSkybox":false,"showFlares":true,"showImageEffects":true,"showParticleSystems":true},"in2DMode":false,"pivot":{"x":0.6979218125343323,"y":-0.8941769599914551,"z":13.910884857177735},"rotation":{"x":-0.5112932324409485,"y":-0.06690552085638046,"z":0.039963845163583758,"w":-0.8558753728866577},"size":6.132733345031738,"orthographic":false}