{"cameraMode":{"drawMode":0,"name":"Shaded","section":"Shading Mode"},"sceneLighting":false,"audioPlay":false,"sceneViewState":{"showFog":true,"showMaterialUpdate":false,"showSkybox":false,"showFlares":true,"showImageEffects":true,"showParticleSystems":true},"in2DMode":false,"pivot":{"x":-11.845504760742188,"y":0.895936906337738,"z":-39.56182098388672},"rotation":{"x":-0.38026055693626406,"y":-0.45344746112823489,"z":0.22228895127773286,"w":-0.7751088738441467},"size":2.6608707904815676,"orthographic":false}