{"cameraMode":{"drawMode":0,"name":"Shaded","section":"Shading Mode"},"sceneLighting":false,"audioPlay":false,"sceneViewState":{"showFog":true,"showMaterialUpdate":false,"showSkybox":false,"showFlares":true,"showImageEffects":true,"showParticleSystems":true},"in2DMode":false,"pivot":{"x":-4.309999942779541,"y":0.6600000858306885,"z":-8.609999656677246},"rotation":{"x":0.24679797887802125,"y":0.3277103304862976,"z":-0.08911062031984329,"w":0.9076134562492371},"size":8.865720748901368,"orthographic":false}