{"cameraMode":{"drawMode":0,"name":"Shaded","section":"Shading Mode"},"sceneLighting":false,"audioPlay":false,"sceneViewState":{"showFog":true,"showMaterialUpdate":false,"showSkybox":false,"showFlares":true,"showImageEffects":true,"showParticleSystems":true},"in2DMode":false,"pivot":{"x":11.467000007629395,"y":63.511749267578128,"z":46.87472915649414},"rotation":{"x":-0.09599918872117996,"y":-0.8113198280334473,"z":0.1390889436006546,"w":-0.5596949458122253},"size":2.3526101112365724,"orthographic":false}