{"cameraMode":{"drawMode":0,"name":"Shaded","section":"Shading Mode"},"sceneLighting":true,"audioPlay":false,"sceneViewState":{"showFog":true,"showMaterialUpdate":false,"showSkybox":true,"showFlares":true,"showImageEffects":true,"showParticleSystems":true},"in2DMode":false,"pivot":{"x":11.86334228515625,"y":-13.955069541931153,"z":26.629146575927736},"rotation":{"x":-0.2856162190437317,"y":-0.03248929604887962,"z":0.009668453596532345,"w":-0.9577735066413879},"size":49.806026458740237,"orthographic":false}