{"cameraMode":{"drawMode":0,"name":"Shaded","section":"Shading Mode"},"sceneLighting":false,"audioPlay":false,"sceneViewState":{"showFog":true,"showMaterialUpdate":false,"showSkybox":false,"showFlares":true,"showImageEffects":true,"showParticleSystems":true},"in2DMode":false,"pivot":{"x":-4.300000190734863,"y":1.7999999523162842,"z":-2.7731075286865236},"rotation":{"x":0.26561832427978518,"y":0.3396531343460083,"z":-0.10061751306056977,"w":0.8966462016105652},"size":19.991836547851564,"orthographic":false}