{"cameraMode":{"drawMode":0,"name":"Shaded","section":"Shading Mode"},"sceneLighting":false,"audioPlay":false,"sceneViewState":{"showFog":true,"showMaterialUpdate":false,"showSkybox":false,"showFlares":true,"showImageEffects":true,"showParticleSystems":true},"in2DMode":false,"pivot":{"x":0.08336257934570313,"y":0.38828182220458987,"z":-19.441638946533204},"rotation":{"x":-0.010750381276011467,"y":-0.9731494188308716,"z":0.22518731653690339,"w":-0.046457767486572269},"size":5.979223251342773,"orthographic":false}