{"cameraMode":{"drawMode":0,"name":"Shaded","section":"Shading Mode"},"sceneLighting":false,"audioPlay":false,"sceneViewState":{"showFog":true,"showMaterialUpdate":false,"showSkybox":false,"showFlares":true,"showImageEffects":true,"showParticleSystems":true},"in2DMode":false,"pivot":{"x":-8.569999694824219,"y":1.7999999523162842,"z":-2.7731075286865236},"rotation":{"x":0.24302326142787934,"y":0.6014737486839294,"z":-0.19898799061775208,"w":0.7345752716064453},"size":10.277474403381348,"orthographic":false}