{"cameraMode":{"drawMode":0,"name":"Shaded","section":"Shading Mode"},"sceneLighting":true,"audioPlay":false,"sceneViewState":{"showFog":true,"showMaterialUpdate":false,"showSkybox":true,"showFlares":true,"showImageEffects":true,"showParticleSystems":true},"in2DMode":false,"pivot":{"x":20.757930755615236,"y":-5.113368034362793,"z":-35.7579231262207},"rotation":{"x":0.10571029782295227,"y":0.8710038065910339,"z":-0.2129627913236618,"w":0.430286169052124},"size":82.47823333740235,"orthographic":false}