{"cameraMode":{"drawMode":0,"name":"Shaded","section":"Shading Mode"},"sceneLighting":false,"audioPlay":false,"sceneViewState":{"showFog":true,"showMaterialUpdate":false,"showSkybox":false,"showFlares":true,"showImageEffects":true,"showParticleSystems":true},"in2DMode":false,"pivot":{"x":20.919099807739259,"y":4.130000114440918,"z":2.380000114440918},"rotation":{"x":-0.2856162190437317,"y":-0.03248929604887962,"z":0.009668453596532345,"w":-0.9577735066413879},"size":11.431534767150879,"orthographic":false}